[
    {
        "cluster": 1,
        "topic": "Topic: The rise of clean wine and its impact on food pairing.",
        "text_count": 7,
        "sentences": [
            "as a foodie who loves exploring different cuisines im excited about the rise of clean wine because it opens up new possibilities for pairing with various dishes",
            "as a foodie who loves exploring different cuisines im excited about the rise of clean wine because it opens up new possibilities for pairing with various dishes",
            "as someone who loves exploring different cuisines i find it intriguing how clean wine has become a part of the wellness trend",
            "as a foodie who loves exploring different cuisines i m excited about the rise of  clean wine  because it opens up new possibilities for pairing with various dishes",
            "as someone who enjoys exploring different cuisines i think its fascinating that clean wine has become popular",
            "as a foodie who loves exploring different cuisines im excited about the rise of clean wine because it opens up new possibilities for pairing with various dishes",
            "i love how the clean wine trend encourages people to think about pairing wine with different cuisines"
        ]
    },
    {
        "cluster": 2,
        "topic": "Here is one topic of the text within 20 words:\n\n\"The evolution of wine labels featuring beautiful landscapes and their artistic, visually appealing designs.\"",
        "text_count": 12,
        "sentences": [
            "as a photographer i think its fascinating to see how wine labels have evolved to include beautiful landscapes",
            "i love how wine labels have become more artistic and visually appealing",
            "as a photographer i think its fascinating to see how wine labels have evolved to include beautiful landscapes",
            "as a photographer who loves capturing beautiful landscapes i appreciate how wine labels have evolved to showcase stunning visuals",
            "as a photographer i think it s fascinating to see how wine labels have evolved to include beautiful landscapes",
            "as a photographer i think it s fascinating to see how wine labels have evolved to include beautiful landscapes",
            "as a photographer i think its fascinating to see how wine labels have evolved to include beautiful landscapes",
            "as a fashion designer i appreciate the artistry that goes into crafting unique wine labels",
            "as a photographer i think it s fascinating to see how wine labels have evolved to include beautiful landscapes",
            "as a photographer i think its fascinating to see how wine labels have evolved to include beautiful landscapes",
            "as a photographer i think its fascinating to see how wine labels have evolved to include beautiful landscapes",
            "as a photographer im thrilled to see wine labels embracing beautiful landscapes"
        ]
    },
    {
        "cluster": 3,
        "topic": "Here is one topic generated within 20 words:\n\n\"The importance of savoring good wine for its taste and quality over emphasizing its perceived health benefits.\"",
        "text_count": 34,
        "sentences": [
            "while i understand the emphasis on health benefits i believe that good wine should be savored for its taste and quality not just its marketing",
            "as someone who appreciates a good glass of wine im torn between the emphasis on health benefits and the joy of savoring a fine wine",
            "while i understand the emphasis on health benefits i believe that good wine should be savored for its taste and quality not just its marketing",
            "as a musician who loves craft beer i appreciate the idea of exploring new flavors but for me its about the experience and company more than just the health benefits",
            "however i believe that good wine should be appreciated for its taste and quality rather than just its marketing",
            "the emphasis on health benefits can sometimes overshadow the true essence of wine",
            "i appreciate the importance of appreciating wine for its taste and quality",
            "while health benefits are important i believe that good wine should be savored for its taste and quality",
            "while health benefits are important i believe that good wine should be savored for its taste and quality",
            "in this case the emphasis on taste and quality makes sense to me",
            "while i understand the emphasis on health benefits i believe that good wine should be savored for its taste and quality not just its marketing",
            "the emphasis on taste and quality is something i appreciate in all aspects of life whether its wine or engineering design",
            "i find it fascinating how wine enthusiasts have started to appreciate the taste and quality of wine over its health benefits",
            "while health benefits are important i believe that good wine should be savored for its taste and quality",
            "perhaps we can find a balance between appreciating the taste and quality of wine while also being mindful of its health benefits",
            "while i understand the emphasis on health benefits i believe that good wine should be savored for its taste and quality not just its marketing",
            "i appreciate the importance of appreciating wine for its taste and quality",
            "while health benefits are important i believe that good wine should be savored for its taste and quality",
            "i  ve always believed that wine should be savored for its complexity and nuances not just its perceived health benefits",
            "ive always believed that wine should be savored for its complexity and nuances not just its perceived health benefits",
            "while i understand the emphasis on health benefits i believe that good wine should be savored for its taste and quality not just its marketing",
            "as someone who loves trying new restaurants and exploring different cuisines i think its important to focus on the taste and quality of the wine rather than just its perceived health benefits",
            "wine should be savored for its unique flavor profiles and pairings just like a great scifi movie is enjoyed for its storytelling and characters",
            "wine should be savored for its unique flavor profiles and pairings just like a great scifi movie is enjoyed for its storytelling and characters",
            "i love how wine connoisseurs are emphasizing the importance of taste and quality alongside wellness benefits",
            "i appreciate how this article highlights the importance of taste and quality in wine appreciation rather than just focusing on health benefits",
            "i appreciate how this article highlights the importance of taste and quality in wine appreciation rather than just focusing on health benefits",
            "while health benefits are important i believe that good wine should be savored for its taste and quality",
            "while i understand the emphasis on health benefits i believe that good wine should be savored for its taste and quality not just its marketing",
            "ive always believed that wine should be savored for its complexity and nuances not just its perceived health benefits",
            "im intrigued by the concept of clean wine but as someone who appreciates the art of winemaking i think its essential to prioritize quality over health benefits",
            "while i understand the emphasis on health benefits i believe that good wine should be savored for its taste and quality not just its marketing",
            "while i understand the emphasis on health benefits i believe that good wine should be savored for its taste and quality not just its marketing",
            "while health benefits are important i believe that good wine should be savored for its taste and quality not just its marketing"
        ]
    },
    {
        "cluster": 4,
        "topic": "Here is one topic of the text within 20 words:\n\nAppreciating quality and taste of wine, rather than just its perceived health benefits.",
        "text_count": 17,
        "sentences": [
            "as a dancer i understand the value of slowing down to savor the moment and allowing our senses to fully experience what were consuming",
            "perhaps we should focus on appreciating the quality and taste of wine rather than just its perceived health benefits",
            "perhaps we should focus on understanding the art of winemaking and the cultural significance of wine rather than just its perceived health benefits",
            "perhaps we should focus on understanding the art of winemaking and the cultural significance of wine rather than just its perceived health benefits",
            "perhaps we should focus on the art of winemaking and the cultural significance of wine rather than just its perceived health benefits",
            "perhaps we should focus on understanding the art of winemaking and the cultural significance of wine rather than just its perceived health benefits",
            "perhaps we should focus on understanding the art of winemaking and the cultural significance of wine rather than just its perceived health benefits",
            "perhaps we should focus on appreciating the quality and taste of wine rather than just its perceived health benefits",
            "perhaps we should focus on understanding the art of winemaking and the cultural significance of wine rather than just its perceived health benefits",
            "perhaps we should focus on understanding the art of winemaking and the cultural significance of wine rather than just its perceived health benefits",
            "perhaps we should prioritize understanding the cultural significance of wine and its nuances",
            "the obsession with clean wine is a reflection of our societys fixation on health as the ultimate virtue",
            "i think its a missed opportunity to appreciate the nuances of wine which are often lost in the pursuit of wellness",
            "as a dancer i understand the value of slowing down to savor the moment and allowing our senses to fully experience what were consuming",
            "however i do hope that people dont overemphasize its health benefits and forget about the joy of savoring a good glass of wine",
            "as someone who appreciates the complexities of human communication i think its interesting to see how the clean wine trend intersects with our cultural obsession with wellness",
            "perhaps we can learn something about mindful consumption from this movement"
        ]
    },
    {
        "cluster": 5,
        "topic": "Finding a balance between enjoying wine responsibly and supporting good wine shops.",
        "text_count": 10,
        "sentences": [
            "perhaps we can find a balance between the two",
            "maybe we can find ways to enjoy wine without sacrificing its unique qualities",
            "perhaps we can find a balance between enjoying wine responsibly and supporting good wine shops",
            "perhaps we can find a balance between enjoying wine responsibly and supporting good wine shops",
            "perhaps we can explore the intersection of material science and wine production",
            "perhaps we can find a balance between enjoying wine responsibly and supporting good wine shops",
            "perhaps we can find a balance between enjoying wine responsibly and supporting good wine shops",
            "perhaps we can find a balance between enjoying wine responsibly and supporting good wine shops",
            "perhaps we can find a balance between enjoying wine responsibly and supporting good wine shops",
            "perhaps we can find a balance between enjoying wine responsibly and supporting good wine shops"
        ]
    },
    {
        "cluster": 6,
        "topic": "Here is one topic within 20 words:\n\nThe concept of \"clean wine\" has become a marketing ploy, prioritizing wellness trends over the artistry behind winemaking.",
        "text_count": 21,
        "sentences": [
            "based on my experience with engineering design i think its great that wine producers are focusing on quality and taste",
            "as someone who appreciates the craftsmanship behind historical artifacts i find it fascinating how the concept of clean wine has become a marketing ploy",
            "as someone who appreciates the craftsmanship behind historical artifacts i find it fascinating how the concept of clean wine has become a marketing ploy",
            "as someone who appreciates the craftsmanship behind historical artifacts i find it fascinating how the concept of clean wine has become a marketing ploy",
            "as someone who appreciates the craftsmanship behind historical artifacts i find it fascinating how the concept of clean wine has become a marketing ploy",
            "i find it intriguing how clean wine has become a part of the wellness trend",
            "as a journalist i find it interesting how clean wine has become a buzzword",
            "as someone who appreciates craftsmanship i think its fascinating how clean wine has become a marketing ploy",
            "as someone who appreciates craftsmanship i think its fascinating how clean wine has become a marketing ploy",
            "as someone who appreciates craftsmanship i think its fascinating how the wellness trend has led to an overemphasis on clean wine rather than focusing on the art of winemaking",
            "the idea of   clean wine   being popularized by celebrities feels like just another marketing ploy to me",
            "the idea of clean wine being popularized by celebrities feels like just another marketing ploy to me",
            "im intrigued by the idea of clean wine being marketed as a healthier option",
            "im delighted to see the rise of clean wine as it aligns with my appreciation for beautiful presentation and artistic expression",
            "however i do think its interesting to explore the concept of clean wine and its implications on the industry",
            "its wonderful to see people valuing the artistry behind wine production",
            "its wonderful to see people valuing the artistry behind wine production",
            "as someone who appreciates the art of capturing beauty in its many forms i think its wonderful that clean wine has become popular",
            "as someone who appreciates the art of capturing beauty in its many forms i think its wonderful that clean wine has become popular",
            "based on my experience with engineering design i think its great that wine producers are focusing on quality and taste",
            "the idea of clean wine being popularized by celebrities feels like just another marketing ploy to me"
        ]
    },
    {
        "cluster": 7,
        "topic": "\"Importance of innovation and quality in creating a unique product that stands out in the market.\"",
        "text_count": 5,
        "sentences": [
            "as an entrepreneur i believe that innovation and quality are essential for a product to stand out in the market",
            "this approach is essential for creating a unique product that stands out in the market",
            "its essential to prioritize the finer details",
            "im more interested in understanding how the manufacturing process affects the final products properties",
            "this approach is essential for creating a unique product that stands out in the market"
        ]
    },
    {
        "cluster": 8,
        "topic": "The Appreciation for Beautiful Photography Trends",
        "text_count": 2,
        "sentences": [
            "as someone who appreciates beautiful photography i think this trend is wonderful and deserves to be savored",
            "as someone who appreciates beautiful photography i think this trend is wonderful and deserves to be savored"
        ]
    },
    {
        "cluster": 9,
        "topic": "Topic: Buying Wine from Reputable Vineyards and Shops",
        "text_count": 3,
        "sentences": [
            "as someone who appreciates good food and drink i  ll stick to buying from reputable vineyards and wine shops",
            "as someone who appreciates good food and drink ill stick to buying from reputable vineyards and wine shops",
            "as someone who appreciates good food and drink ill stick to buying from reputable vineyards and wine shops"
        ]
    },
    {
        "cluster": 10,
        "topic": "Here is one topic within 20 words:\n\nImportance of appreciating things for their inherent value, rather than just focusing on perceived health benefits.",
        "text_count": 5,
        "sentences": [
            "it would be fascinating to investigate further and see if theres more to this trend than just its perceived health benefits",
            "im all about appreciating things for their inherent value not just the perceived health benefits",
            "im all about appreciating things for their inherent value not just the perceived health benefits",
            "however i also believe that we shouldnt forget about the importance of quality over health benefits",
            "however i also believe that we shouldnt forget about the importance of quality over health benefits"
        ]
    }
]